id;about;title;tag;tagcolor;defaultlanguage;postalcode;phones;website;email;facebook;twitter;gplus;linkedin;instagram;opentimes;othercontacts;otherfields;generalabout;generaltax;generalstock;generalprice;generalmaxstock;generaltag;generaltagcolor;generalhidden;generalhiddendelay;generallock;generallockdelay;generalexpire;generalexpiredelay;childsname;productsname
1;../fake-data/blob/hipster.txt;Branding Ball;Concrete;GREEN;ROI synthesizing;optical Tools Metrics;Sleek Wooden Car;reboot grey Licensed Frozen Chicken;Luisa.Runte20@yahoo.com;niches;Personal Loan Account bluetooth;navigating;object-oriented;Developer Spurs;../fake-data/blob/hipster.txt;../fake-data/blob/hipster.txt;../fake-data/blob/hipster.txt;true;67474;54445;10971;10930;Quality;GREEN;true;2020-01-21T11:27:13;false;2020-01-21T04:18:44;false;2020-01-21T11:36:45;Belize Idaho e-enable;connecting
2;../fake-data/blob/hipster.txt;reboot;Officer Borders lavender;GREEN;Handmade;feed;granular backing up Senior;Generic Fresh Pants Generic;Lydia_Crist@yahoo.com;Baby alarm;maximized global Incredible;Garden maroon;Expanded open-source Kentucky;Island synthesizing Sri Lanka;../fake-data/blob/hipster.txt;../fake-data/blob/hipster.txt;../fake-data/blob/hipster.txt;true;12867;30944;79488;99705;Awesome Square Concrete;YELLOW;false;2020-01-20T17:44:26;false;2020-01-20T23:42:05;false;2020-01-21T02:15:58;New York;Nepalese Rupee quantifying Mission
3;../fake-data/blob/hipster.txt;killer Colombian Peso Unidad de Valor Real;Granite architect;RED;Centers;Awesome Soft Chips;Kids Road matrix;Sri Lanka Rupee Administrator navigating;Viola26@yahoo.com;Bedfordshire Personal Loan Account;ivory connecting;synthesize;Refined Frozen Car;Sleek Infrastructure;../fake-data/blob/hipster.txt;../fake-data/blob/hipster.txt;../fake-data/blob/hipster.txt;true;31671;80947;4828;61338;Awesome Persevering Electronics;RED;true;2020-01-20T19:31:02;true;2020-01-21T15:57:37;true;2020-01-21T12:55:56;Bedfordshire;Operations Bedfordshire Moldovan Leu
4;../fake-data/blob/hipster.txt;solution-oriented Phased;parse Extension;YELLOW;niches bypassing reboot;Outdoors disintermediate;reboot;Gorgeous Cotton Gloves Licensed;Sven34@hotmail.com;Sleek driver;Agent Investor Implemented;Granite;Sleek Steel Sausages channels;Games Incredible;../fake-data/blob/hipster.txt;../fake-data/blob/hipster.txt;../fake-data/blob/hipster.txt;true;83385;68209;57264;93191;Versatile Granite;YELLOW;true;2020-01-21T00:21:53;false;2020-01-20T18:45:48;true;2020-01-21T11:07:18;Investment Account navigating;Concrete Enterprise-wide USB
5;../fake-data/blob/hipster.txt;Swaziland Gorgeous Soft Tuna quantify;overriding invoice payment;YELLOW;Chips violet;Checking Account;transmitting national red;Washington Bedfordshire;Faye51@gmail.com;models;Engineer initiatives iterate;Credit Card Account Land De-engineered;neutral Rand calculate;migration;../fake-data/blob/hipster.txt;../fake-data/blob/hipster.txt;../fake-data/blob/hipster.txt;false;53121;22681;20813;49800;ROI Ball;BLUE;false;2020-01-21T03:28:58;false;2020-01-20T17:20:18;true;2020-01-21T02:43:43;Michigan magenta mint green;navigate
6;../fake-data/blob/hipster.txt;Movies Salad turn-key;tan District Synergistic;GREEN;XSS payment;New York USB Soft;deposit Refined Granite Sausages;Program Baby;Trevor29@gmail.com;monitor Direct;Credit Card Account Rustic Outdoors;deposit Concrete;Hawaii CFA Franc BEAC;azure Cheese;../fake-data/blob/hipster.txt;../fake-data/blob/hipster.txt;../fake-data/blob/hipster.txt;true;38976;90002;94178;41181;eyeballs;BLACK;false;2020-01-21T02:28:01;true;2020-01-20T17:40:02;false;2020-01-21T14:12:48;Right-sized Grocery JBOD;Sleek Rubber Bike system PCI
7;../fake-data/blob/hipster.txt;Personal Loan Account compress Handmade;payment New Israeli Sheqel;BLUE;Ergonomic Wooden Table Hawaii;Operations Reverse-engineered primary;Home;indexing SCSI;Sammy34@hotmail.com;Cloned;Facilitator Salad;hacking Health Forint;application connect Malaysian Ringgit;Cambridgeshire Awesome Cotton Car;../fake-data/blob/hipster.txt;../fake-data/blob/hipster.txt;../fake-data/blob/hipster.txt;true;51290;20787;71616;45158;New York;BLUE;false;2020-01-21T08:10:06;true;2020-01-21T09:31:35;true;2020-01-20T19:46:54;yellow;Handcrafted Plastic Pants Implemented Parks
8;../fake-data/blob/hipster.txt;Intelligent Wooden Car Human connect;Program;RED;partnerships;Fantastic Cotton Sausages Borders Administrator;Rustic Berkshire;world-class Grove;Elissa23@yahoo.com;Concrete;Clothing payment revolutionary;generating optical compress;forecast;Credit Card Account;../fake-data/blob/hipster.txt;../fake-data/blob/hipster.txt;../fake-data/blob/hipster.txt;false;93545;30779;45197;96886;Granite Checking Account Cambridgeshire;GREEN;false;2020-01-21T06:22:55;false;2020-01-20T21:50:13;false;2020-01-21T05:15:23;Wooden Zimbabwe PCI;Industrial cyan
9;../fake-data/blob/hipster.txt;Dynamic;Cuba Focused;BLACK;Bangladesh syndicate projection;Investment Account port SMS;Rufiyaa Producer;payment;Devonte.Jast30@gmail.com;productize;Direct;card;Chicken virtual;Refined Fresh Mouse Summit;../fake-data/blob/hipster.txt;../fake-data/blob/hipster.txt;../fake-data/blob/hipster.txt;false;67786;18874;35511;17119;Division invoice;BLACK;true;2020-01-21T03:11:18;false;2020-01-20T21:42:27;false;2020-01-21T12:11:04;Chips;enable Square end-to-end
10;../fake-data/blob/hipster.txt;Product index;architectures cross-platform Credit Card Account;BLUE;primary;India Michigan Enhanced;Concrete drive UAE Dirham;multimedia Architect;Bradly52@gmail.com;Wooden mobile;disintermediate;e-services Group Prairie;Samoa Exclusive;circuit;../fake-data/blob/hipster.txt;../fake-data/blob/hipster.txt;../fake-data/blob/hipster.txt;true;51705;80101;16464;18609;fuchsia system engine Re-engineered;BLACK;true;2020-01-20T19:36:52;true;2020-01-21T06:10:58;false;2020-01-20T21:54:00;Lead Metrics;deposit access Bedfordshire
