id;slug;userid;categoryid;name;route;isheader;isgroup;islock;lockdelay;type;createdat;updatedat
1;Table;47527;31264;Versatile lavender ivory;Refined District HTTP;false;true;false;2020-02-12T06:57:50;SHOP;2020-02-11T10:04:00;2020-02-11T20:07:29
2;enterprise Belarussian Ruble;2052;18974;hacking Nevada Salad;killer Georgia;false;false;true;2020-02-12T04:16:14;HOUSE;2020-02-12T03:37:29;2020-02-12T00:09:26
3;Ecuador array Delaware;69174;19578;New Mexico North Carolina;Fresh;true;false;false;2020-02-12T02:03:42;FOOD;2020-02-11T11:53:12;2020-02-11T12:43:50
4;Specialist;76773;9061;California;Thailand Product;true;true;true;2020-02-12T01:06:12;HOUSE;2020-02-11T14:44:45;2020-02-12T04:15:02
5;Avon invoice;51091;54811;invoice 6th generation Avon;Intelligent Central bricks-and-clicks;true;true;false;2020-02-11T19:16:23;FOOD;2020-02-11T12:39:33;2020-02-12T01:45:05
6;Savings Account Lithuania Chief;69138;19976;Pitcairn Islands Direct;Avon empower Central;false;true;true;2020-02-12T04:03:24;FOOD;2020-02-12T03:37:58;2020-02-11T21:45:19
7;Future circuit Arizona;25973;5503;Chicken;benchmark Pennsylvania auxiliary;true;false;true;2020-02-12T05:00:55;EVENEMENT;2020-02-11T10:52:42;2020-02-12T07:08:30
8;withdrawal innovative;48244;56020;Refined Chicken Division;solid state EXE protocol;true;false;false;2020-02-11T11:05:59;SHOP;2020-02-12T05:35:45;2020-02-12T05:00:03
9;Games quantify PNG;75170;60686;Metal circuit Electronics;Handmade;false;false;false;2020-02-12T02:46:28;EVENEMENT;2020-02-12T05:35:31;2020-02-11T22:37:23
10;Berkshire Auto Loan Account Table;70616;39994;Movies;redefine communities;true;true;true;2020-02-11T18:36:16;EVENEMENT;2020-02-11T18:03:23;2020-02-12T03:27:30
