id;categoryid;userid;productid;slug;name;islock;lockdelay;islimited;limiteddelay;limitedbooking;startdate;enddate;about;title;tag;tagcolor;postalcode;phones;website;facebook;twitter;gplus;linkedin;instagram;email;url;othercontacts;otherfields;createdat;updatedat
1;23359;79837;23248;lavender Integration Awesome Granite Pants;Points Soft;true;2020-01-20T20:59:56;true;2020-01-21T13:47:03;4815;2020-01-21T00:46:43;2020-01-20T22:57:44;../fake-data/blob/hipster.txt;Guernsey;Kids overriding;BLUE;aggregate;Facilitator Pizza Barbados;ADP disintermediate application;exploit Tasty Money Market Account;array Metal;Mandatory reintermediate best-of-breed;Web;synergies Rustic calculate;Malinda.Braun82@yahoo.com;http://miracle.biz;../fake-data/blob/hipster.txt;../fake-data/blob/hipster.txt;2020-01-21T02:29:44;2020-01-21T03:44:43
2;32196;42484;85340;District;function robust;true;2020-01-20T17:04:52;true;2020-01-20T20:11:35;25808;2020-01-21T15:52:02;2020-01-21T03:41:48;../fake-data/blob/hipster.txt;Multi-lateral Rubber AGP;Managed monitor;GREEN;multi-byte Books withdrawal;invoice Tennessee Florida;bandwidth;Car navigate;monitoring e-services Chicken;system Soft solution;deposit;pink Bike Rubber;Iva17@yahoo.com;http://donald.net;../fake-data/blob/hipster.txt;../fake-data/blob/hipster.txt;2020-01-20T22:38:40;2020-01-21T09:26:42
3;1709;21337;97239;Reduced indexing;Tools;false;2020-01-20T18:50:16;true;2020-01-21T01:59:49;7748;2020-01-21T12:55:08;2020-01-20T18:51:57;../fake-data/blob/hipster.txt;Plastic olive transmitter;wireless Garden;BLACK;navigating neural;networks PNG Interactions;optical Libyan Arab Jamahiriya moderator;cyan incubate copy;input;integrate Direct;Gorgeous;hard drive viral;Shaniya58@gmail.com;http://willy.net;../fake-data/blob/hipster.txt;../fake-data/blob/hipster.txt;2020-01-20T19:55:07;2020-01-20T19:33:56
4;21918;76223;68065;Gorgeous mint green installation;Jamaica Usability cross-media;false;2020-01-20T22:54:44;true;2020-01-20T19:24:04;20949;2020-01-21T13:33:14;2020-01-21T06:55:15;../fake-data/blob/hipster.txt;Division system;Lithuania primary;BLACK;Mobility streamline bluetooth;Checking Account Oregon;local area network Congolese Franc Alabama;calculating deposit;Lead;turn-key back up;users;Analyst Stream Personal Loan Account;Sunny.Turcotte43@hotmail.com;http://odessa.com;../fake-data/blob/hipster.txt;../fake-data/blob/hipster.txt;2020-01-21T07:05:18;2020-01-21T01:16:50
5;2656;32771;59260;backing up;Tactics morph;false;2020-01-21T06:20:29;true;2020-01-21T06:03:56;83908;2020-01-21T16:27:32;2020-01-21T02:43:06;../fake-data/blob/hipster.txt;Fresh Frozen;Checking Account Facilitator engage;YELLOW;connecting Portugal user-centric;Generic cultivate;metrics Kuwait;Ergonomic Frozen Shoes grey South Dakota;Landing;deposit;alliance streamline Bike;Falls Administrator salmon;Orval_Larson2@yahoo.com;https://marshall.net;../fake-data/blob/hipster.txt;../fake-data/blob/hipster.txt;2020-01-21T11:04:55;2020-01-21T13:26:08
6;50442;81793;34880;JBOD Soft;synergies;true;2020-01-20T21:45:16;false;2020-01-21T12:01:11;38375;2020-01-21T03:24:50;2020-01-20T21:38:20;../fake-data/blob/hipster.txt;Concrete;Grocery;GREEN;Soft Zambian Kwacha;input content architect;Agent interface;navigate revolutionize;Personal Loan Account Customizable;Shoes;Customer synergy;pink alarm;Timmothy_West@hotmail.com;http://wendell.biz;../fake-data/blob/hipster.txt;../fake-data/blob/hipster.txt;2020-01-20T18:29:57;2020-01-21T14:41:09
7;61983;57302;79098;Practical Global;vortals fuchsia;false;2020-01-21T03:31:49;true;2020-01-21T06:55:34;94843;2020-01-20T23:58:53;2020-01-21T15:00:35;../fake-data/blob/hipster.txt;Oman;Automotive;RED;Persistent solid state Licensed;Berkshire synthesize Regional;compress secured line;Minnesota Solutions;turquoise digital Knoll;3rd generation;payment Investment Account Intranet;generating open-source array;Eleazar31@yahoo.com;https://jewel.name;../fake-data/blob/hipster.txt;../fake-data/blob/hipster.txt;2020-01-21T09:31:23;2020-01-20T19:03:47
8;4493;81008;21831;Borders;Buckinghamshire turn-key Generic;false;2020-01-21T09:06:16;false;2020-01-21T04:50:49;75205;2020-01-21T07:59:38;2020-01-21T07:19:36;../fake-data/blob/hipster.txt;cross-platform;convergence New York;GREEN;applications;Checking Account;Tools;moratorium Bedfordshire calculating;Trail;Auto Loan Account application Home Loan Account;Intelligent Cotton Bacon purple;Chicken Product;Ransom_Heaney@gmail.com;https://amos.net;../fake-data/blob/hipster.txt;../fake-data/blob/hipster.txt;2020-01-21T09:13:29;2020-01-21T11:40:00
9;66641;56744;96194;Michigan;Comoro Franc Philippine Peso;false;2020-01-21T05:14:11;true;2020-01-21T02:04:14;8663;2020-01-21T05:19:18;2020-01-20T22:28:01;../fake-data/blob/hipster.txt;navigating neural;fuchsia Supervisor;RED;alarm;Concrete;Michigan Money Market Account;knowledge user eco-centric;morph bus Bedfordshire;North Dakota Buckinghamshire Moldovan Leu;motivating;Tasty Cotton Towels empowering;Bella_Mayert93@yahoo.com;https://blair.org;../fake-data/blob/hipster.txt;../fake-data/blob/hipster.txt;2020-01-21T05:03:34;2020-01-21T04:18:17
10;951;93412;42240;Orchestrator port mint green;Credit Card Account;true;2020-01-21T05:09:46;true;2020-01-21T08:09:56;27383;2020-01-21T06:26:23;2020-01-21T00:54:01;../fake-data/blob/hipster.txt;Future redefine;deliverables Bahraini Dinar homogeneous;RED;asymmetric Planner;invoice Mission;Checking Account teal;payment;Fresh Auto Loan Account Afghani;reboot Tuna;Serbia USB;Turnpike Ergonomic Plastic Sausages deposit;Katheryn8@hotmail.com;https://jan.com;../fake-data/blob/hipster.txt;../fake-data/blob/hipster.txt;2020-01-20T23:51:01;2020-01-21T12:43:42
