id;slug;userid;categoryid;productid;tourid;tourgroupid;tourcategoryid;evenementid;islogoimg;isprofileimg;iscoverimg;issliderimg;isotherimg;createdat;updatedat
1;Refined Concrete Soap;9289;55224;3502;53834;30037;59720;3203;true;true;true;true;true;2020-02-12T20:04:57;2020-02-12T16:53:52
2;Toys innovative;85371;1094;84083;56736;40784;13250;81705;true;false;false;false;true;2020-02-12T09:11:27;2020-02-13T02:57:33
3;Wyoming;9869;4896;27561;80595;53472;26269;82566;true;false;false;false;true;2020-02-13T02:16:20;2020-02-13T00:39:15
4;mobile Uzbekistan;52179;67552;13644;27488;4098;37001;37560;false;false;true;false;false;2020-02-13T02:40:53;2020-02-12T21:20:02
5;Plains Checking Account;35645;94428;72083;51884;63524;95122;49760;true;false;true;true;false;2020-02-13T00:47:31;2020-02-13T05:51:47
6;proactive Checking Account;12707;93836;80519;49877;89547;41537;38969;false;true;false;false;true;2020-02-13T03:55:42;2020-02-12T18:42:41
7;Mandatory sky blue seize;6992;39544;38178;13675;9590;81130;11865;true;false;false;false;false;2020-02-12T21:50:06;2020-02-12T21:45:09
8;International;97158;44491;70228;12027;36931;18407;46005;false;true;false;true;false;2020-02-12T23:36:50;2020-02-12T11:50:16
9;methodologies viral;21470;64102;23706;69756;34234;17753;9714;false;false;true;false;false;2020-02-13T00:26:03;2020-02-12T12:48:29
10;Refined Concrete Gloves New Jersey;53464;65846;68164;87123;34395;44217;59763;true;true;true;false;true;2020-02-12T12:33:29;2020-02-13T02:32:46
